139,VR & AR
140,Web Design
142,English Learning
143,Programming
144,Personal Finance
115,Training
146,LGBTQ
149,Venture Capital
138,Movie
150,Chinese History
151,Locally Focused
154,San Francisco Bay Area
155,Denver
157,Startup
158,NFL
159,Harry Potter
165,Storytelling
166,YouTube
83,Other Games
152,United States
160,Star Wars
163,AI & Data Science
78,Professional
79,Outdoor
80,College & High School
81,Amateur
90,Self-Help
109,Medicine
118,Local
136,Crypto & Blockchain
148,American History
162,Game of Thrones
156,China
147,SEO
120,Regional
121,National
153,New York
137,NBA
167,Audio Drama
169,Sales
164,Apple
161,Star Trek
74,Other
112,Educational Technology
113,Higher Education
114,K-12
71,Islam
204,Games
86,Hobbies
206,Home & Garden
85,Video Games
134,Music
221,Astronomy
208,Music Commentary
209,Music History
210,Music Interviews
99,News
95,Business News
213,Daily News
214,Entertainment News
215,News Commentary
216,Politics
217,Sports News
131,Tech News
69,Religion & Spirituality
72,Buddhism
75,Christianity
76,Hinduism
73,Judaism
219,Religion
70,Spirituality
107,Science
222,Chemistry
237,Earth Sciences
238,Life Sciences
239,Mathematics
110,Natural Sciences
241,Nature
242,Physics
108,Social Sciences
122,Society & Culture
244,Documentary
124,Personal Journals
126,Philosophy
123,Places & Travel
245,Relationships
77,Sports
247,Baseball
248,Basketball
249,Cricket
250,Fantasy Sports
251,Football
141,Golf
253,Hockey
254,Rugby
255,Running
256,Soccer
257,Swimming
258,Tennis
259,Volleyball
260,Wilderness
261,Wrestling
68,TV & Film
262,After Shows
263,Film History
264,Film Interviews
265,Film Reviews
266,TV Reviews
127,Technology
135,True Crime
67,Podcasts
100,Arts
104,Books
105,Design
106,Fashion & Beauty
102,Food
101,Performing Arts
103,Visual Arts
93,Business
94,Careers
171,Entrepreneurship
98,Investing
97,Management
173,Marketing
119,Non-Profit
133,Comedy
175,Comedy Interviews
176,Improv
177,Stand-Up
111,Education
178,Courses
128,How To
116,Language Learning
181,Self-Improvement
168,Fiction
183,Comedy Fiction
184,Drama
185,Science Fiction
117,Government
88,Health & Fitness
91,Alternative Health
89,Fitness
190,Medicine
191,Mental Health
192,Nutrition
92,Sexuality
125,History
132,Kids & Family
195,Education for Kids
145,Parenting
197,Pets & Animals
198,Stories for Kids
82,Leisure
200,Animation & Manga
84,Automotive
87,Aviation
203,Crafts
130,Gadgets
129,Podcasting
96,Shopping
